Namn,Dag,Månad,Ingår i namnlängden,Typ
Nyårsdagen,1,1,Ja,Högtid
Svea,2,1,Ja,Namn
Alfred,3,1,Ja,Namn
Alfrida,3,1,Ja,Namn
Rut,4,1,Ja,Namn
Hanna,5,1,Ja,Namn
Hanne,5,1,Nej,Namn
Hannele,5,1,Ja,Namn
Hanny,5,1,Nej,Namn
Baltsar,6,1,Ja,Namn
Caspar,6,1,Nej,Namn
Kasper,6,1,Ja,Namn
Melchior,6,1,Nej,Namn
Melker,6,1,Ja,Namn
Trettondedag jul,6,1,Ja,Högtid
Age,7,1,Nej,Namn
Agge,7,1,Nej,Namn
August,7,1,Ja,Namn
Augusta,7,1,Ja,Namn
Augustin,7,1,Nej,Namn
Augustinus,7,1,Nej,Namn
Gusten,7,1,Nej,Namn
Gusti,7,1,Nej,Namn
Erland,8,1,Ja,Namn
Gunde,9,1,Nej,Namn
Gunder,9,1,Ja,Namn
Gunnar,9,1,Ja,Namn
Günther,9,1,Nej,Namn
Sigbritt,10,1,Ja,Namn
Sigge,10,1,Nej,Namn
Sigurd,10,1,Ja,Namn
Jan,11,1,Ja,Namn
Janne,11,1,Nej,Namn
Jannika,11,1,Nej,Namn
Jannike,11,1,Ja,Namn
Frideborg,12,1,Ja,Namn
Knut,13,1,Ja,Namn
Tjugondedag jul,13,1,Ja,Högtid
Felicia,14,1,Ja,Namn
Felix,14,1,Ja,Namn
Lalla,15,1,Nej,Namn
Larry,15,1,Nej,Namn
Laura,15,1,Ja,Namn
Laurens,15,1,Nej,Namn
Laurentia,15,1,Nej,Namn
Laurentius,15,1,Nej,Namn
Lauri,15,1,Nej,Namn
Laurina,15,1,Nej,Namn
Lauritz,15,1,Nej,Namn
Lawrence,15,1,Nej,Namn
Lorentz,15,1,Ja,Namn
Helmer,16,1,Ja,Namn
Hjalmar,16,1,Ja,Namn
Anthony,17,1,Nej,Namn
Anton,17,1,Ja,Namn
Antoni,17,1,Nej,Namn
Antonio,17,1,Nej,Namn
Antonius,17,1,Nej,Namn
Tönnes,17,1,Nej,Namn
Tony,17,1,Ja,Namn
Hilda,18,1,Ja,Namn
Hilde,18,1,Nej,Namn
Hildur,18,1,Ja,Namn
Enrique,19,1,Nej,Namn
Heikki,19,1,Nej,Namn
Heine,19,1,Nej,Namn
Heinrich,19,1,Nej,Namn
Heinz,19,1,Nej,Namn
Henri,19,1,Nej,Namn
Henrik,19,1,Ja,Namn
Henry,19,1,Nej,Namn
Fabian,20,1,Ja,Namn
Sebastian,20,1,Ja,Namn
Agna,21,1,Nej,Namn
Agnes,21,1,Ja,Namn
Agneta,21,1,Ja,Namn
Agnete,21,1,Nej,Namn
Neta,21,1,Nej,Namn
Viktor,22,1,Ja,Namn
Vincent,22,1,Ja,Namn
Frej,23,1,Ja,Namn
Freja,23,1,Ja,Namn
Erika,24,1,Ja,Namn
Paavo,25,1,Nej,Namn
Pablo,25,1,Nej,Namn
Pål,25,1,Ja,Namn
Palle,25,1,Nej,Namn
Paul,25,1,Ja,Namn
Pauli,25,1,Nej,Namn
Paulus,25,1,Nej,Namn
Pavel,25,1,Nej,Namn
Poul,25,1,Nej,Namn
Bodil,26,1,Ja,Namn
Boel,26,1,Ja,Namn
Bolla,26,1,Nej,Namn
Botilda,26,1,Nej,Namn
Göta,27,1,Ja,Namn
Göte,27,1,Ja,Namn
Götilda,27,1,Nej,Namn
Carlo,28,1,Nej,Namn
Carlos,28,1,Nej,Namn
Carol,28,1,Nej,Namn
Charles,28,1,Nej,Namn
Charlie,28,1,Nej,Namn
Kaarlo,28,1,Nej,Namn
Karl,28,1,Ja,Namn
Karla,28,1,Ja,Namn
Diana,29,1,Ja,Namn
Diane,29,1,Nej,Namn
Gulla,30,1,Nej,Namn
Gullan,30,1,Nej,Namn
Gulli,30,1,Nej,Namn
Gullie,30,1,Nej,Namn
Gully,30,1,Nej,Namn
Gundel,30,1,Nej,Namn
Gunhild,30,1,Ja,Namn
Gunilla,30,1,Ja,Namn
Gunnela,30,1,Nej,Namn
Gunni,30,1,Nej,Namn
Gunnie,30,1,Nej,Namn
Gunnil,30,1,Nej,Namn
Gunnila,30,1,Nej,Namn
Gunny,30,1,Nej,Namn
Ivar,31,1,Ja,Namn
Joar,31,1,Ja,Namn
Max,1,2,Ja,Namn
Maximilian,1,2,Ja,Namn
Kyndelsmässodagen,2,2,Ja,Högtid
Disa,3,2,Ja,Namn
Hjördis,3,2,Ja,Namn
Anselm,4,2,Ja,Namn
Ansgar,4,2,Ja,Namn
Ansgarius,4,2,Nej,Namn
Selm,4,2,Nej,Namn
Selmer,4,2,Nej,Namn
Agata,5,2,Ja,Namn
Agaton,5,2,Nej,Namn
Agda,5,2,Ja,Namn
Ågot,5,2,Nej,Namn
Dolly,6,2,Nej,Namn
Dora,6,2,Nej,Namn
Dordi,6,2,Nej,Namn
Doris,6,2,Ja,Namn
Dorit,6,2,Nej,Namn
Dorotea,6,2,Ja,Namn
Dorthy,6,2,Nej,Namn
Dick,7,2,Ja,Namn
Ricky,7,2,Nej,Namn
Rikard,7,2,Ja,Namn
Bert,8,2,Ja,Namn
Berta,8,2,Ja,Namn
Bertina,8,2,Nej,Namn
Fanny,9,2,Ja,Namn
Francesca,9,2,Nej,Namn
Franciska,9,2,Ja,Namn
Iris,10,2,Ja,Namn
Inge,11,2,Ja,Namn
Ingo,11,2,Nej,Namn
Yngve,11,2,Ja,Namn
Evelin,12,2,Nej,Namn
Evelina,12,2,Ja,Namn
Eveline,12,2,Nej,Namn
Evelyn,12,2,Nej,Namn
Evy,12,2,Ja,Namn
Agne,13,2,Ja,Namn
Ove,13,2,Ja,Namn
Valentin,14,2,Ja,Namn
Valentina,14,2,Nej,Namn
Vally,14,2,Nej,Namn
Sigfrid,15,2,Ja,Namn
Jill,16,2,Nej,Namn
Julia,16,2,Ja,Namn
Juliana,16,2,Nej,Namn
Julie,16,2,Nej,Namn
Juliette,16,2,Nej,Namn
Julio,16,2,Nej,Namn
Julius,16,2,Ja,Namn
Alejandra,17,2,Nej,Namn
Alexandra,17,2,Ja,Namn
Alla,17,2,Nej,Namn
Alli,17,2,Nej,Namn
Allie,17,2,Nej,Namn
Ally,17,2,Nej,Namn
Sandra,17,2,Ja,Namn
Elfrida,18,2,Nej,Namn
Elfriede,18,2,Nej,Namn
Frida,18,2,Ja,Namn
Fritiof,18,2,Ja,Namn
Ella,19,2,Ja,Namn
Gabriella,19,2,Ja,Namn
Gabrielle,19,2,Nej,Namn
Gaby,19,2,Nej,Namn
Viviana,20,2,Nej,Namn
Vivianne,20,2,Ja,Namn
Hilding,21,2,Ja,Namn
Pia,22,2,Ja,Namn
Torsten,23,2,Ja,Namn
Torun,23,2,Ja,Namn
Mats,24,2,Ja,Namn
Matti,24,2,Nej,Namn
Mattias,24,2,Ja,Namn
Mattis,24,2,Nej,Namn
Sigvard,25,2,Ja,Namn
Sivar,25,2,Nej,Namn
Sivard,25,2,Nej,Namn
Sivert,25,2,Ja,Namn
Torgny,26,2,Ja,Namn
Torkel,26,2,Ja,Namn
Lage,27,2,Ja,Namn
Lago,27,2,Nej,Namn
Lave,27,2,Nej,Namn
Maisie,28,2,Nej,Namn
Maja,28,2,Nej,Namn
Majli,28,2,Nej,Namn
Manja,28,2,Nej,Namn
Mari,28,2,Nej,Namn
Maria,28,2,Ja,Namn
Mariella,28,2,Nej,Namn
Marielle,28,2,Nej,Namn
Marietta,28,2,Nej,Namn
Mariette,28,2,Nej,Namn
Marion,28,2,Nej,Namn
Marja,28,2,Nej,Namn
Marjatta,28,2,Nej,Namn
Marjo,28,2,Nej,Namn
Mary,28,2,Nej,Namn
Maryam,28,2,Nej,Namn
Mia,28,2,Nej,Namn
Mimmi,28,2,Nej,Namn
Mimmie,28,2,Nej,Namn
Mirja,28,2,Nej,Namn
Skottdagen,29,2,Ja,Högtid
Albin,1,3,Ja,Namn
Alvin,1,3,Nej,Namn
Elva,1,3,Nej,Namn
Elvi,1,3,Nej,Namn
Elvie,1,3,Nej,Namn
Elvira,1,3,Ja,Namn
Elvy,1,3,Nej,Namn
Erna,2,3,Ja,Namn
Ernesto,2,3,Nej,Namn
Ernst,2,3,Ja,Namn
Gunborg,3,3,Ja,Namn
Gunda,3,3,Nej,Namn
Gunvor,3,3,Ja,Namn
Adrian,4,3,Ja,Namn
Adriana,4,3,Ja,Namn
Adrienne,4,3,Nej,Namn
Tora,5,3,Ja,Namn
Tova,5,3,Nej,Namn
Tove,5,3,Ja,Namn
Tuve,5,3,Nej,Namn
Ebba,6,3,Ja,Namn
Ebbe,6,3,Ja,Namn
Camilla,7,3,Ja,Namn
Saga,8,3,Ja,Namn
Siv,8,3,Ja,Namn
Torben,9,3,Nej,Namn
Torbjörn,9,3,Ja,Namn
Torleif,9,3,Ja,Namn
Ada,10,3,Ja,Namn
Edla,10,3,Ja,Namn
Ethel,10,3,Nej,Namn
Edvin,11,3,Ja,Namn
Egon,11,3,Ja,Namn
Tori,12,3,Nej,Namn
Vicky,12,3,Nej,Namn
Viktoria,12,3,Ja,Namn
Greger,13,3,Ja,Namn
Gregor,13,3,Nej,Namn
Gregorius,13,3,Nej,Namn
Grels,13,3,Nej,Namn
Reijo,13,3,Nej,Namn
Matilda,14,3,Ja,Namn
Matilde,14,3,Nej,Namn
Matty,14,3,Nej,Namn
Maud,14,3,Ja,Namn
Milda,14,3,Nej,Namn
Tilda,14,3,Nej,Namn
Tilde,14,3,Nej,Namn
Tilly,14,3,Nej,Namn
Chris,15,3,Nej,Namn
Kristoffer,15,3,Ja,Namn
Gilbert,16,3,Ja,Namn
Herbert,16,3,Ja,Namn
Gerti,17,3,Nej,Namn
Gertie,17,3,Nej,Namn
Gertrud,17,3,Ja,Namn
Gerty,17,3,Nej,Namn
Kerttu,17,3,Nej,Namn
Trude,17,3,Nej,Namn
Edde,18,3,Nej,Namn
Eddie,18,3,Nej,Namn
Eddy,18,3,Nej,Namn
Edmund,18,3,Ja,Namn
Eduardo,18,3,Nej,Namn
Edvard,18,3,Ja,Namn
Giuseppe,19,3,Nej,Namn
José,19,3,Nej,Namn
Josef,19,3,Ja,Namn
Josefin,19,3,Nej,Namn
Josefina,19,3,Ja,Namn
Josefine,19,3,Nej,Namn
Joakim,20,3,Ja,Namn
Jockum,20,3,Nej,Namn
Kim,20,3,Ja,Namn
Benedikt,21,3,Nej,Namn
Bengt,21,3,Ja,Namn
Bengta,21,3,Nej,Namn
Benita,21,3,Nej,Namn
Bent,21,3,Nej,Namn
Pentti,21,3,Nej,Namn
Ken,22,3,Nej,Namn
Kennet,22,3,Ja,Namn
Kennie,22,3,Nej,Namn
Kenny,22,3,Nej,Namn
Kent,22,3,Ja,Namn
Gerd,23,3,Ja,Namn
Gerda,23,3,Ja,Namn
Gabriel,24,3,Ja,Namn
Rafael,24,3,Ja,Namn
Marie Bebådelsedag,25,3,Ja,Högtid
Emanuel,26,3,Ja,Namn
Immanuel,26,3,Nej,Namn
Manne,26,3,Nej,Namn
Manuel,26,3,Nej,Namn
Manuela,26,3,Nej,Namn
Ralf,27,3,Ja,Namn
Rudolf,27,3,Ja,Namn
Malkolm,28,3,Ja,Namn
Morgan,28,3,Ja,Namn
Jens,29,3,Ja,Namn
Jonas,29,3,Ja,Namn
Holger,30,3,Ja,Namn
Holmfrid,30,3,Ja,Namn
Essie,31,3,Nej,Namn
Essy,31,3,Nej,Namn
Ester,31,3,Ja,Namn
Harald,1,4,Ja,Namn
Harold,1,4,Nej,Namn
Hervor,1,4,Ja,Namn
Gudmund,2,4,Ja,Namn
Ingeman,2,4,Nej,Namn
Ingemund,2,4,Ja,Namn
Ferdinand,3,4,Ja,Namn
Fernando,3,4,Nej,Namn
Hernan,3,4,Nej,Namn
Nanna,3,4,Ja,Namn
Marianne,4,4,Ja,Namn
Marlen,4,4,Nej,Namn
Marlene,4,4,Ja,Namn
Iren,5,4,Nej,Namn
Irena,5,4,Nej,Namn
Irene,5,4,Ja,Namn
Irina,5,4,Nej,Namn
Irja,5,4,Ja,Namn
Bill,6,4,Nej,Namn
Billy,6,4,Nej,Namn
Guillermo,6,4,Nej,Namn
Vilhelm,6,4,Ja,Namn
Viljo,6,4,Nej,Namn
Ville,6,4,Nej,Namn
Villy,6,4,Nej,Namn
Willi,6,4,Nej,Namn
William,6,4,Ja,Namn
Irma,7,4,Ja,Namn
Irmeli,7,4,Nej,Namn
Irmelin,7,4,Ja,Namn
Irmgard,7,4,Nej,Namn
Nadja,8,4,Ja,Namn
Tanja,8,4,Ja,Namn
Tatjana,8,4,Nej,Namn
Otelia,9,4,Nej,Namn
Otti,9,4,Nej,Namn
Ottilia,9,4,Ja,Namn
Otto,9,4,Ja,Namn
Igor,10,4,Nej,Namn
Ingar,10,4,Nej,Namn
Ingvar,10,4,Ja,Namn
Ingvor,10,4,Ja,Namn
Yngvar,10,4,Nej,Namn
Ulf,11,4,Ja,Namn
Wolf,11,4,Nej,Namn
Ylva,11,4,Ja,Namn
Liv,12,4,Ja,Namn
Arto,13,4,Nej,Namn
Artur,13,4,Ja,Namn
Douglas,13,4,Ja,Namn
Tiburtius,14,4,Ja,Namn
Oliver,15,4,Ja,Namn
Olivia,15,4,Ja,Namn
Olly,15,4,Nej,Namn
Viva,15,4,Nej,Namn
Patricia,16,4,Ja,Namn
Patrik,16,4,Ja,Namn
Elias,17,4,Ja,Namn
Elis,17,4,Ja,Namn
Ellis,17,4,Nej,Namn
Valde,18,4,Nej,Namn
Valdemar,18,4,Ja,Namn
Valle,18,4,Nej,Namn
Vladimir,18,4,Nej,Namn
Volmar,18,4,Ja,Namn
Volmer,18,4,Nej,Namn
Ola,19,4,Ja,Namn
Olaus,19,4,Ja,Namn
Olavus,19,4,Nej,Namn
Amalia,20,4,Ja,Namn
Amalie,20,4,Nej,Namn
Amelia,20,4,Nej,Namn
Amelie,20,4,Ja,Namn
Emelia,20,4,Nej,Namn
Emelie,20,4,Nej,Namn
Anneli,21,4,Ja,Namn
Annelie,21,4,Nej,Namn
Annika,21,4,Ja,Namn
Allan,22,4,Ja,Namn
Glenn,22,4,Ja,Namn
Georg,23,4,Ja,Namn
George,23,4,Nej,Namn
Georges,23,4,Nej,Namn
Georgina,23,4,Nej,Namn
Georgios,23,4,Nej,Namn
Georgius,23,4,Nej,Namn
Gina,23,4,Nej,Namn
Göran,23,4,Ja,Namn
György,23,4,Nej,Namn
Jorge,23,4,Nej,Namn
Yrjö,23,4,Nej,Namn
Vega,24,4,Ja,Namn
Marco,25,4,Nej,Namn
Mark,25,4,Nej,Namn
Markku,25,4,Nej,Namn
Markus,25,4,Ja,Namn
Teresa,26,4,Nej,Namn
Terese,26,4,Ja,Namn
Teresia,26,4,Ja,Namn
Engelbrekt,27,4,Ja,Namn
Ingbert,27,4,Nej,Namn
Ture,28,4,Ja,Namn
Tyra,28,4,Ja,Namn
Tyko,29,4,Ja,Namn
Mariana,30,4,Ja,Namn
Valborg,1,5,Ja,Namn
Felipe,2,5,Nej,Namn
Filip,2,5,Ja,Namn
Filippa,2,5,Ja,Namn
Ian,3,5,Nej,Namn
Jane,3,5,Ja,Namn
John,3,5,Ja,Namn
Mona,4,5,Ja,Namn
Monika,4,5,Ja,Namn
Monique,4,5,Nej,Namn
Erhard,5,5,Ja,Namn
Gotthard,5,5,Ja,Namn
Marit,6,5,Ja,Namn
Rita,6,5,Ja,Namn
Carina,7,5,Ja,Namn
Carine,7,5,Nej,Namn
Carita,7,5,Ja,Namn
Åge,8,5,Nej,Namn
Åke,8,5,Ja,Namn
Reidar,9,5,Ja,Namn
Reidun,9,5,Ja,Namn
Asbjörn,10,5,Nej,Namn
Esbjörn,10,5,Ja,Namn
Styrbjörn,10,5,Ja,Namn
Märet,11,5,Nej,Namn
Märit,11,5,Ja,Namn
Märta,11,5,Ja,Namn
Merete,11,5,Nej,Namn
Merit,11,5,Nej,Namn
Charlott,12,5,Nej,Namn
Charlotta,12,5,Ja,Namn
Charlotte,12,5,Nej,Namn
Lotta,12,5,Ja,Namn
Lotte,12,5,Nej,Namn
Lotten,12,5,Nej,Namn
Lottie,12,5,Nej,Namn
Linn,13,5,Ja,Namn
Linnea,13,5,Ja,Namn
Nea,13,5,Nej,Namn
Ninni,13,5,Nej,Namn
Ninnie,13,5,Nej,Namn
Halvar,14,5,Ja,Namn
Halvard,14,5,Ja,Namn
Halvor,14,5,Nej,Namn
Sofi,15,5,Nej,Namn
Sofia,15,5,Ja,Namn
Sofie,15,5,Nej,Namn
Sonja,15,5,Ja,Namn
Ronald,16,5,Ja,Namn
Ronnie,16,5,Nej,Namn
Ronny,16,5,Ja,Namn
Rebecka,17,5,Ja,Namn
Ruben,17,5,Ja,Namn
Eero,18,5,Nej,Namn
Erik,18,5,Ja,Namn
Erkki,18,5,Nej,Namn
Jerk,18,5,Nej,Namn
Jerker,18,5,Nej,Namn
Maj,19,5,Ja,Namn
Majken,19,5,Ja,Namn
May,19,5,Nej,Namn
Calla,20,5,Nej,Namn
Carola,20,5,Ja,Namn
Carole,20,5,Nej,Namn
Caroline,20,5,Nej,Namn
Karolin,20,5,Nej,Namn
Karolina,20,5,Ja,Namn
Lina,20,5,Nej,Namn
Line,20,5,Nej,Namn
Connie,21,5,Nej,Namn
Conny,21,5,Ja,Namn
Constance,21,5,Nej,Namn
Konstantia,21,5,Nej,Namn
Konstantin,21,5,Ja,Namn
Hemming,22,5,Ja,Namn
Henning,22,5,Ja,Namn
Desideria,23,5,Ja,Namn
Desirée,23,5,Ja,Namn
Ivan,24,5,Ja,Namn
Vanja,24,5,Ja,Namn
Urban,25,5,Ja,Namn
Helma,26,5,Nej,Namn
Helmi,26,5,Nej,Namn
Helmina,26,5,Nej,Namn
Hilma,26,5,Nej,Namn
Mina,26,5,Nej,Namn
Minna,26,5,Nej,Namn
Minnie,26,5,Nej,Namn
Vilhelmina,26,5,Ja,Namn
Vilma,26,5,Ja,Namn
Beda,27,5,Ja,Namn
Blenda,27,5,Ja,Namn
Bojan,28,5,Nej,Namn
Borghild,28,5,Ja,Namn
Ingeborg,28,5,Ja,Namn
Jeanette,29,5,Ja,Namn
Yvette,29,5,Nej,Namn
Yvonne,29,5,Ja,Namn
Vera,30,5,Ja,Namn
Veronika,30,5,Ja,Namn
Nilla,31,5,Nej,Namn
Pernilla,31,5,Ja,Namn
Pernille,31,5,Nej,Namn
Petronella,31,5,Ja,Namn
Gun,1,6,Ja,Namn
Gunnel,1,6,Ja,Namn
Roger,2,6,Ja,Namn
Rutger,2,6,Ja,Namn
Gudmar,3,6,Ja,Namn
Ingemar,3,6,Ja,Namn
Ingmar,3,6,Nej,Namn
Solbritt,4,6,Ja,Namn
Solveig,4,6,Ja,Namn
Solvig,4,6,Nej,Namn
Bo,5,6,Ja,Namn
Bonde,5,6,Nej,Namn
Bosse,5,6,Nej,Namn
Gösta,6,6,Ja,Namn
Gustav,6,6,Ja,Namn
Gustava,6,6,Nej,Namn
Bob,7,6,Nej,Namn
Bobby,7,6,Nej,Namn
Robert,7,6,Ja,Namn
Roberto,7,6,Nej,Namn
Robin,7,6,Ja,Namn
Rupert,7,6,Nej,Namn
Eivor,8,6,Ja,Namn
Majvor,8,6,Ja,Namn
Birger,9,6,Ja,Namn
Börje,9,6,Ja,Namn
Boris,10,6,Ja,Namn
Svante,10,6,Ja,Namn
Barthold,11,6,Nej,Namn
Bertel,11,6,Nej,Namn
Berthold,11,6,Ja,Namn
Bertil,11,6,Ja,Namn
Pertti,11,6,Nej,Namn
Eskil,12,6,Ja,Namn
Esko,12,6,Nej,Namn
Aina,13,6,Ja,Namn
Aini,13,6,Nej,Namn
Aino,13,6,Ja,Namn
Håkan,14,6,Ja,Namn
Hakon,14,6,Ja,Namn
Håkon,14,6,Nej,Namn
Hakvin,14,6,Nej,Namn
Margit,15,6,Ja,Namn
Margot,15,6,Ja,Namn
Acke,16,6,Nej,Namn
Axel,16,6,Ja,Namn
Axelia,16,6,Nej,Namn
Axelina,16,6,Ja,Namn
Torborg,17,6,Ja,Namn
Torvald,17,6,Ja,Namn
Bjarne,18,6,Ja,Namn
Björn,18,6,Ja,Namn
Björne,18,6,Nej,Namn
Björner,18,6,Nej,Namn
Germund,19,6,Ja,Namn
Görel,19,6,Ja,Namn
Belinda,20,6,Nej,Namn
Linda,20,6,Ja,Namn
Alf,21,6,Ja,Namn
Alvar,21,6,Ja,Namn
Alve,21,6,Nej,Namn
Paula,22,6,Ja,Namn
Paulina,22,6,Ja,Namn
Pauline,22,6,Nej,Namn
Paulinus,22,6,Nej,Namn
Adolf,23,6,Ja,Namn
Adolfina,23,6,Nej,Namn
Alef,23,6,Nej,Namn
Alice,23,6,Ja,Namn
Alicia,23,6,Nej,Namn
Johannes Döparens dag,24,6,Ja,Högtid
David,25,6,Ja,Namn
Davida,25,6,Nej,Namn
Salomon,25,6,Ja,Namn
Lea,26,6,Ja,Namn
Rakel,26,6,Ja,Namn
Fingal,27,6,Ja,Namn
Selma,27,6,Ja,Namn
Leo,28,6,Ja,Namn
Leon,28,6,Nej,Namn
Peder,29,6,Nej,Namn
Pedro,29,6,Nej,Namn
Pekka,29,6,Nej,Namn
Peter,29,6,Ja,Namn
Petra,29,6,Ja,Namn
Petri,29,6,Nej,Namn
Petrus,29,6,Nej,Namn
Petter,29,6,Nej,Namn
Pierre,29,6,Nej,Namn
Pieter,29,6,Nej,Namn
Piotr,29,6,Nej,Namn
Elf,30,6,Nej,Namn
Elof,30,6,Ja,Namn
Leif,30,6,Ja,Namn
Aron,1,7,Ja,Namn
Mirja,1,7,Nej,Namn
Mirjam,1,7,Ja,Namn
Rosa,2,7,Ja,Namn
Rosalie,2,7,Nej,Namn
Rosi,2,7,Nej,Namn
Rosie,2,7,Nej,Namn
Rosina,2,7,Nej,Namn
Rosine,2,7,Nej,Namn
Rosita,2,7,Ja,Namn
Aura,3,7,Nej,Namn
Aurora,3,7,Ja,Namn
Aurore,3,7,Nej,Namn
Rika,4,7,Nej,Namn
Ulla,4,7,Ja,Namn
Ulrika,4,7,Ja,Namn
Ulrike,4,7,Nej,Namn
Aila,5,7,Nej,Namn
Aili,5,7,Nej,Namn
Laila,5,7,Ja,Namn
Ritva,5,7,Ja,Namn
Esa,6,7,Nej,Namn
Esaias,6,7,Ja,Namn
Esse,6,7,Nej,Namn
Jessika,6,7,Ja,Namn
Claes,7,7,Nej,Namn
Claus,7,7,Nej,Namn
Klas,7,7,Ja,Namn
Klaus,7,7,Nej,Namn
Kettil,8,7,Nej,Namn
Kjell,8,7,Ja,Namn
Jörgen,9,7,Ja,Namn
Jörn,9,7,Nej,Namn
Jürgen,9,7,Nej,Namn
Örjan,9,7,Ja,Namn
André,10,7,Ja,Namn
Andrea,10,7,Ja,Namn
Andrietta,10,7,Nej,Namn
Eleanor,11,7,Nej,Namn
Eleonora,11,7,Ja,Namn
Eleonore,11,7,Nej,Namn
Elli,11,7,Nej,Namn
Ellinor,11,7,Ja,Namn
Elly,11,7,Nej,Namn
Leonor,11,7,Nej,Namn
Leonora,11,7,Nej,Namn
Leonore,11,7,Nej,Namn
Nellie,11,7,Nej,Namn
Nelly,11,7,Nej,Namn
Nora,11,7,Nej,Namn
Herman,12,7,Ja,Namn
Hermina,12,7,Nej,Namn
Hermine,12,7,Ja,Namn
Joel,13,7,Ja,Namn
Judit,13,7,Ja,Namn
Jutta,13,7,Nej,Namn
Jytte,13,7,Nej,Namn
Folke,14,7,Ja,Namn
Ragnhild,15,7,Ja,Namn
Ragni,15,7,Nej,Namn
Ragnvald,15,7,Ja,Namn
Ragny,15,7,Nej,Namn
Rauni,15,7,Nej,Namn
Reine,16,7,Ja,Namn
Reinhold,16,7,Ja,Namn
Reino,16,7,Nej,Namn
Bruno,17,7,Ja,Namn
Federico,18,7,Nej,Namn
Fred,18,7,Nej,Namn
Freddie,18,7,Nej,Namn
Freddy,18,7,Nej,Namn
Fredrik,18,7,Ja,Namn
Friedrich,18,7,Nej,Namn
Fritz,18,7,Ja,Namn
Salli,19,7,Nej,Namn
Sally,19,7,Nej,Namn
Sara,19,7,Ja,Namn
Zarah,19,7,Nej,Namn
Gret,20,7,Nej,Namn
Greta,20,7,Ja,Namn
Gretchen,20,7,Nej,Namn
Grete,20,7,Nej,Namn
Gretel,20,7,Nej,Namn
Maggie,20,7,Nej,Namn
Mait,20,7,Nej,Namn
Malgorzata,20,7,Nej,Namn
Maret,20,7,Nej,Namn
Marga,20,7,Nej,Namn
Margareta,20,7,Ja,Namn
Margita,20,7,Nej,Namn
Margret,20,7,Nej,Namn
Margreta,20,7,Nej,Namn
Margrete,20,7,Nej,Namn
Marguerite,20,7,Nej,Namn
Meit,20,7,Nej,Namn
Meta,20,7,Nej,Namn
Peggy,20,7,Nej,Namn
Janet,21,7,Nej,Namn
Janna,21,7,Nej,Namn
Jannie,21,7,Nej,Namn
Jeanna,21,7,Nej,Namn
Jeanne,21,7,Nej,Namn
Jen,21,7,Nej,Namn
Johanna,21,7,Ja,Namn
Johanne,21,7,Nej,Namn
Jonna,21,7,Nej,Namn
Lone,22,7,Nej,Namn
Madeleine,22,7,Ja,Namn
Magda,22,7,Nej,Namn
Magdalena,22,7,Ja,Namn
Malla,22,7,Nej,Namn
Emerentia,23,7,Nej,Namn
Emma,23,7,Ja,Namn
Emmy,23,7,Ja,Namn
Christa,24,7,Nej,Namn
Christiane,24,7,Nej,Namn
Kersti,24,7,Nej,Namn
Kerstin,24,7,Ja,Namn
Kickan,24,7,Nej,Namn
Kicki,24,7,Nej,Namn
Kirsten,24,7,Nej,Namn
Kirsti,24,7,Nej,Namn
Kristin,24,7,Nej,Namn
Kristina,24,7,Ja,Namn
Ninna,24,7,Nej,Namn
Stina,24,7,Nej,Namn
Tina,24,7,Nej,Namn
Titti,24,7,Nej,Namn
Ib,25,7,Nej,Namn
Jaakko,25,7,Nej,Namn
Jack,25,7,Nej,Namn
Jacqueline,25,7,Nej,Namn
Jacques,25,7,Nej,Namn
Jaime,25,7,Nej,Namn
Jakob,25,7,Ja,Namn
James,25,7,Nej,Namn
Jeppe,25,7,Nej,Namn
Jim,25,7,Nej,Namn
Jimi,25,7,Nej,Namn
Jimmie,25,7,Nej,Namn
Jimmy,25,7,Nej,Namn
Jasmina,26,7,Nej,Namn
Jasmine,26,7,Ja,Namn
Jesper,26,7,Ja,Namn
Marta,27,7,Ja,Namn
Botvid,28,7,Ja,Namn
Seve,28,7,Nej,Namn
Seved,28,7,Ja,Namn
Olav,29,7,Nej,Namn
Olavi,29,7,Nej,Namn
Ole,29,7,Nej,Namn
Olle,29,7,Nej,Namn
Olof,29,7,Ja,Namn
Algot,30,7,Ja,Namn
Eila,31,7,Nej,Namn
Elaine,31,7,Nej,Namn
Elena,31,7,Nej,Namn
Eli,31,7,Nej,Namn
Elin,31,7,Ja,Namn
Elina,31,7,Nej,Namn
Eline,31,7,Nej,Namn
Elna,31,7,Nej,Namn
Elny,31,7,Nej,Namn
Helen,31,7,Nej,Namn
Helena,31,7,Ja,Namn
Helene,31,7,Nej,Namn
Helli,31,7,Nej,Namn
Helly,31,7,Nej,Namn
Helna,31,7,Nej,Namn
Ilona,31,7,Nej,Namn
Pelle,1,8,Nej,Namn
Per,1,8,Ja,Namn
Kaja,2,8,Nej,Namn
Kajsa,2,8,Ja,Namn
Karen,2,8,Nej,Namn
Kari,2,8,Nej,Namn
Karin,2,8,Ja,Namn
Karna,2,8,Nej,Namn
Tage,3,8,Ja,Namn
Arent,4,8,Nej,Namn
Arild,4,8,Nej,Namn
Arndt,4,8,Nej,Namn
Arne,4,8,Ja,Namn
Arno,4,8,Nej,Namn
Arnold,4,8,Ja,Namn
Alarik,5,8,Nej,Namn
Alrik,5,8,Ja,Namn
Ulrik,5,8,Ja,Namn
Alfons,6,8,Ja,Namn
Inez,6,8,Ja,Namn
Lilja,6,8,Nej,Namn
Denise,7,8,Ja,Namn
Dennis,7,8,Ja,Namn
Silva,8,8,Nej,Namn
Silvana,8,8,Nej,Namn
Silvia,8,8,Ja,Namn
Sylva,8,8,Nej,Namn
Sylvi,8,8,Nej,Namn
Sylvia,8,8,Ja,Namn
Sylvie,8,8,Nej,Namn
Roland,9,8,Ja,Namn
Lars,10,8,Ja,Namn
Lasse,10,8,Nej,Namn
Sanna,11,8,Nej,Namn
Sanne,11,8,Nej,Namn
Sanny,11,8,Nej,Namn
Susanna,11,8,Ja,Namn
Susanne,11,8,Nej,Namn
Susie,11,8,Nej,Namn
Claire,12,8,Nej,Namn
Clarence,12,8,Nej,Namn
Clarie,12,8,Nej,Namn
Clarissa,12,8,Nej,Namn
Clary,12,8,Nej,Namn
Klara,12,8,Ja,Namn
Kaj,13,8,Ja,Namn
Uno,14,8,Ja,Namn
Estelle,15,8,Ja,Namn
Stella,15,8,Ja,Namn
Brynolf,16,8,Ja,Namn
Valter,17,8,Ja,Namn
Verna,17,8,Nej,Namn
Verner,17,8,Ja,Namn
Volter,17,8,Nej,Namn
Ellen,18,8,Ja,Namn
Lena,18,8,Ja,Namn
Lene,18,8,Nej,Namn
Lenita,18,8,Nej,Namn
Magnus,19,8,Ja,Namn
Måns,19,8,Ja,Namn
Mogens,19,8,Nej,Namn
Berna,20,8,Nej,Namn
Bernhard,20,8,Ja,Namn
Bernhardina,20,8,Nej,Namn
Bernt,20,8,Ja,Namn
Jon,21,8,Ja,Namn
Jonna,21,8,Ja,Namn
Henny,22,8,Nej,Namn
Henrietta,22,8,Ja,Namn
Henriette,22,8,Nej,Namn
Henrika,22,8,Ja,Namn
Signar,23,8,Nej,Namn
Signe,23,8,Ja,Namn
Signhild,23,8,Ja,Namn
Signy,23,8,Nej,Namn
Bartolomeus,24,8,Ja,Namn
Lou,25,8,Nej,Namn
Louisa,25,8,Nej,Namn
Louise,25,8,Ja,Namn
Lova,25,8,Nej,Namn
Lovisa,25,8,Ja,Namn
Lovise,25,8,Nej,Namn
Luisa,25,8,Nej,Namn
Luise,25,8,Nej,Namn
Esten,26,8,Nej,Namn
Östen,26,8,Ja,Namn
Raoul,27,8,Ja,Namn
Rolf,27,8,Ja,Namn
Fatima,28,8,Ja,Namn
Leila,28,8,Ja,Namn
Hampus,29,8,Ja,Namn
Hans,29,8,Ja,Namn
Hasse,29,8,Nej,Namn
Abbe,30,8,Nej,Namn
Adalbert,30,8,Nej,Namn
Alba,30,8,Nej,Namn
Albert,30,8,Ja,Namn
Albertina,30,8,Ja,Namn
Alberto,30,8,Nej,Namn
Albrekt,30,8,Nej,Namn
Arve,31,8,Nej,Namn
Arvid,31,8,Ja,Namn
Arvida,31,8,Nej,Namn
Arvo,31,8,Nej,Namn
Vidar,31,8,Ja,Namn
Sam,1,9,Ja,Namn
Sami,1,9,Nej,Namn
Sammy,1,9,Nej,Namn
Samuel,1,9,Ja,Namn
Justina,2,9,Ja,Namn
Justus,2,9,Ja,Namn
Alfhild,3,9,Ja,Namn
Alva,3,9,Ja,Namn
Alvi,3,9,Nej,Namn
Alvina,3,9,Nej,Namn
Alvy,3,9,Nej,Namn
Gisela,4,9,Ja,Namn
Adela,5,9,Ja,Namn
Adele,5,9,Nej,Namn
Adelia,5,9,Nej,Namn
Adelina,5,9,Nej,Namn
Adla,5,9,Nej,Namn
Alida,5,9,Nej,Namn
Alina,5,9,Nej,Namn
Aline,5,9,Nej,Namn
Heidi,5,9,Ja,Namn
Lilian,6,9,Ja,Namn
Lillie,6,9,Nej,Namn
Lilly,6,9,Ja,Namn
Kevin,7,9,Ja,Namn
Roy,7,9,Ja,Namn
Alma,8,9,Ja,Namn
Hulda,8,9,Ja,Namn
Anita,9,9,Ja,Namn
Annette,9,9,Ja,Namn
Tord,10,9,Ja,Namn
Torfrid,10,9,Nej,Namn
Turid,10,9,Ja,Namn
Dagny,11,9,Ja,Namn
Helny,11,9,Ja,Namn
Åsa,12,9,Ja,Namn
Åse,12,9,Nej,Namn
Aslög,12,9,Nej,Namn
Åslög,12,9,Ja,Namn
Sture,13,9,Ja,Namn
Ida,14,9,Ja,Namn
Ronja,14,9,Ja,Namn
Sickan,15,9,Nej,Namn
Sigga,15,9,Nej,Namn
Sigrid,15,9,Ja,Namn
Siri,15,9,Ja,Namn
Dag,16,9,Ja,Namn
Daga,16,9,Ja,Namn
Dage,16,9,Nej,Namn
Hildegard,17,9,Ja,Namn
Magna,17,9,Nej,Namn
Magne,17,9,Nej,Namn
Magnhild,17,9,Ja,Namn
Orvar,18,9,Ja,Namn
Fredrika,19,9,Ja,Namn
Elisa,20,9,Nej,Namn
Elise,20,9,Ja,Namn
Lisa,20,9,Ja,Namn
Lise,20,9,Nej,Namn
Matteus,21,9,Ja,Namn
Maurice,22,9,Nej,Namn
Maurits,22,9,Ja,Namn
Moje,22,9,Nej,Namn
Moritz,22,9,Ja,Namn
Morris,22,9,Nej,Namn
Tea,23,9,Ja,Namn
Tekla,23,9,Ja,Namn
Gerhard,24,9,Ja,Namn
Gert,24,9,Ja,Namn
Jerry,24,9,Nej,Namn
Tryggve,25,9,Ja,Namn
Eina,26,9,Nej,Namn
Einar,26,9,Ja,Namn
Eje,26,9,Nej,Namn
Enar,26,9,Ja,Namn
Dagmar,27,9,Ja,Namn
Rigmor,27,9,Ja,Namn
Lennart,28,9,Ja,Namn
Lennie,28,9,Nej,Namn
Lenny,28,9,Nej,Namn
Leonard,28,9,Ja,Namn
Michel,29,9,Nej,Namn
Michelle,29,9,Nej,Namn
Mickel,29,9,Nej,Namn
Miguel,29,9,Nej,Namn
Mikael,29,9,Ja,Namn
Mikaela,29,9,Ja,Namn
Mike,29,9,Nej,Namn
Mikko,29,9,Nej,Namn
Helge,30,9,Ja,Namn
Helgo,30,9,Nej,Namn
Ragna,1,10,Ja,Namn
Ragnar,1,10,Ja,Namn
Ragni,1,10,Nej,Namn
Rainer,1,10,Nej,Namn
Rauno,1,10,Nej,Namn
Reiner,1,10,Nej,Namn
Lajos,2,10,Nej,Namn
Louis,2,10,Nej,Namn
Love,2,10,Ja,Namn
Ludvig,2,10,Ja,Namn
Luis,2,10,Nej,Namn
Evald,3,10,Ja,Namn
Osvald,3,10,Ja,Namn
Francesco,4,10,Nej,Namn
Francis,4,10,Nej,Namn
Francisco,4,10,Nej,Namn
Franco,4,10,Nej,Namn
Frank,4,10,Ja,Namn
Franklin,4,10,Nej,Namn
Frans,4,10,Ja,Namn
Franz,4,10,Nej,Namn
Bror,5,10,Ja,Namn
Jenni,6,10,Nej,Namn
Jennie,6,10,Nej,Namn
Jennifer,6,10,Ja,Namn
Jenny,6,10,Ja,Namn
Bibbi,7,10,Nej,Namn
Birgitta,7,10,Ja,Namn
Birgitte,7,10,Nej,Namn
Birte,7,10,Nej,Namn
Böret,7,10,Nej,Namn
Brigitta,7,10,Nej,Namn
Brigitte,7,10,Nej,Namn
Britt,7,10,Nej,Namn
Britta,7,10,Ja,Namn
Britte,7,10,Nej,Namn
Britten,7,10,Nej,Namn
Git,7,10,Nej,Namn
Gittan,7,10,Nej,Namn
Pirjo,7,10,Nej,Namn
Pirkko,7,10,Nej,Namn
Riitta,7,10,Nej,Namn
Nils,8,10,Ja,Namn
Nisse,8,10,Nej,Namn
Inger,9,10,Ja,Namn
Ingrid,9,10,Ja,Namn
Inkeri,9,10,Nej,Namn
Harri,10,10,Nej,Namn
Harriet,10,10,Ja,Namn
Harry,10,10,Ja,Namn
Elling,11,10,Nej,Namn
Erling,11,10,Ja,Namn
Jarl,11,10,Ja,Namn
Manfred,12,10,Ja,Namn
Manfrid,12,10,Nej,Namn
Valfrid,12,10,Ja,Namn
Valfrida,12,10,Nej,Namn
Berit,13,10,Ja,Namn
Birgit,13,10,Ja,Namn
Stellan,14,10,Ja,Namn
Hedda,15,10,Nej,Namn
Heddy,15,10,Nej,Namn
Hedvig,15,10,Ja,Namn
Helvig,15,10,Nej,Namn
Hildevig,15,10,Nej,Namn
Hill,15,10,Nej,Namn
Hillevi,15,10,Ja,Namn
Hilly,15,10,Nej,Namn
Hilvi,15,10,Nej,Namn
Vivi,15,10,Nej,Namn
Finn,16,10,Ja,Namn
Antoinetta,17,10,Nej,Namn
Antoinette,17,10,Nej,Namn
Antonia,17,10,Ja,Namn
Antonina,17,10,Nej,Namn
Toini,17,10,Ja,Namn
Toni,17,10,Nej,Namn
Luka,18,10,Nej,Namn
Lukas,18,10,Ja,Namn
Tor,19,10,Ja,Namn
Tore,19,10,Ja,Namn
Sibyl,20,10,Nej,Namn
Sibylla,20,10,Ja,Namn
Ursula,21,10,Ja,Namn
Yrsa,21,10,Ja,Namn
Marika,22,10,Ja,Namn
Marita,22,10,Ja,Namn
Maritza,22,10,Nej,Namn
Severin,23,10,Ja,Namn
Severina,23,10,Nej,Namn
Sören,23,10,Ja,Namn
Eberhard,24,10,Nej,Namn
Eilert,24,10,Ja,Namn
Eve,24,10,Nej,Namn
Evert,24,10,Ja,Namn
Inga,25,10,Ja,Namn
Ingalill,25,10,Ja,Namn
Amanda,26,10,Ja,Namn
Amandus,26,10,Nej,Namn
Amy,26,10,Nej,Namn
Manda,26,10,Nej,Namn
Mandis,26,10,Nej,Namn
Rasmus,26,10,Ja,Namn
Bina,27,10,Nej,Namn
Ina,27,10,Nej,Namn
Sabina,27,10,Ja,Namn
Sabine,27,10,Nej,Namn
Simon,28,10,Ja,Namn
Simona,28,10,Nej,Namn
Simone,28,10,Ja,Namn
Lola,29,10,Nej,Namn
Viola,29,10,Ja,Namn
Violet,29,10,Nej,Namn
Violetta,29,10,Nej,Namn
Violette,29,10,Nej,Namn
Bella,30,10,Nej,Namn
Bellis,30,10,Nej,Namn
Elsa,30,10,Ja,Namn
Else,30,10,Nej,Namn
Elsie,30,10,Nej,Namn
Elsy,30,10,Nej,Namn
Ilse,30,10,Nej,Namn
Isa,30,10,Nej,Namn
Isabell,30,10,Nej,Namn
Isabella,30,10,Ja,Namn
Isabelle,30,10,Nej,Namn
Ditte,31,10,Nej,Namn
Edgar,31,10,Ja,Namn
Edgard,31,10,Nej,Namn
Edit,31,10,Ja,Namn
Allhelgonadagen,1,11,Ja,Högtid
Tobias,2,11,Ja,Namn
Hubert,3,11,Ja,Namn
Hugo,3,11,Ja,Namn
Sverker,4,11,Ja,Namn
Eugen,5,11,Ja,Namn
Eugenia,5,11,Ja,Namn
Gustav Adolf,6,11,Ja,Namn
Ingegerd,7,11,Ja,Namn
Ingela,7,11,Ja,Namn
Vendela,8,11,Ja,Namn
Vendla,8,11,Nej,Namn
Ted,9,11,Nej,Namn
Teddy,9,11,Nej,Namn
Teodor,9,11,Ja,Namn
Teodora,9,11,Ja,Namn
Theo,9,11,Nej,Namn
Martin,10,11,Ja,Namn
Martina,10,11,Ja,Namn
Martine,10,11,Nej,Namn
Martinus,10,11,Nej,Namn
Martti,10,11,Nej,Namn
Mårten,11,11,Ja,Namn
Konrad,12,11,Ja,Namn
Kuno,12,11,Nej,Namn
Kurt,12,11,Ja,Namn
Karsten,13,11,Nej,Namn
Kasten,13,11,Nej,Namn
Kristen,13,11,Nej,Namn
Krister,13,11,Ja,Namn
Kristian,13,11,Ja,Namn
Risto,13,11,Nej,Namn
Emil,14,11,Ja,Namn
Emilia,14,11,Ja,Namn
Emilio,14,11,Nej,Namn
Emily,14,11,Nej,Namn
Emmy,14,11,Nej,Namn
Emy,14,11,Nej,Namn
Millan,14,11,Nej,Namn
Mille,14,11,Nej,Namn
Milly,14,11,Nej,Namn
Leopold,15,11,Ja,Namn
Vibeke,16,11,Ja,Namn
Vivan,16,11,Nej,Namn
Viveka,16,11,Ja,Namn
Vivika,16,11,Nej,Namn
Naemi,17,11,Ja,Namn
Naima,17,11,Ja,Namn
Naimi,17,11,Nej,Namn
Naomi,17,11,Nej,Namn
Noomi,17,11,Nej,Namn
Lillemor,18,11,Ja,Namn
Moa,18,11,Ja,Namn
Bessie,19,11,Nej,Namn
Beth,19,11,Nej,Namn
Betsy,19,11,Nej,Namn
Bettina,19,11,Nej,Namn
Betty,19,11,Nej,Namn
Elisabet,19,11,Ja,Namn
Elisif,19,11,Nej,Namn
Eliza,19,11,Nej,Namn
Elzbieta,19,11,Nej,Namn
Lill,19,11,Nej,Namn
Lis,19,11,Nej,Namn
Lisbet,19,11,Ja,Namn
Lisen,19,11,Nej,Namn
Lisette,19,11,Nej,Namn
Lissi,19,11,Nej,Namn
Lissie,19,11,Nej,Namn
Lissy,19,11,Nej,Namn
Liz,19,11,Nej,Namn
Lizette,19,11,Nej,Namn
Lizzi,19,11,Nej,Namn
Lizzie,19,11,Nej,Namn
Lizzy,19,11,Nej,Namn
Maren,20,11,Nej,Namn
Marina,20,11,Ja,Namn
Pontus,20,11,Ja,Namn
Elga,21,11,Nej,Namn
Helga,21,11,Ja,Namn
Hella,21,11,Nej,Namn
Helle,21,11,Nej,Namn
Olga,21,11,Ja,Namn
Cecilia,22,11,Ja,Namn
Celia,22,11,Nej,Namn
Celina,22,11,Nej,Namn
Celine,22,11,Nej,Namn
Cilla,22,11,Nej,Namn
Cissi,22,11,Nej,Namn
Sissa,22,11,Nej,Namn
Sissel,22,11,Nej,Namn
Sissela,22,11,Ja,Namn
Sissi,22,11,Nej,Namn
Klemens,23,11,Ja,Namn
Gudrun,24,11,Ja,Namn
Guje,24,11,Nej,Namn
Runa,24,11,Nej,Namn
Rune,24,11,Ja,Namn
Runo,24,11,Nej,Namn
Catalina,25,11,Nej,Namn
Katalin,25,11,Nej,Namn
Katarina,25,11,Ja,Namn
Katarzyna,25,11,Nej,Namn
Kate,25,11,Nej,Namn
Käthe,25,11,Nej,Namn
Kathy,25,11,Nej,Namn
Katinka,25,11,Nej,Namn
Katja,25,11,Ja,Namn
Katri,25,11,Nej,Namn
Katrin,25,11,Nej,Namn
Ketty,25,11,Nej,Namn
Kitty,25,11,Nej,Namn
Nina,25,11,Nej,Namn
Linus,26,11,Ja,Namn
Asta,27,11,Ja,Namn
Astrid,27,11,Ja,Namn
Estrid,27,11,Nej,Namn
Malte,28,11,Ja,Namn
Sone,29,11,Nej,Namn
Sonny,29,11,Nej,Namn
Sune,29,11,Ja,Namn
Anders,30,11,Ja,Namn
Andras,30,11,Nej,Namn
Andreas,30,11,Ja,Namn
Andrej,30,11,Nej,Namn
Andres,30,11,Nej,Namn
Andrew,30,11,Nej,Namn
Andris,30,11,Nej,Namn
Andy,30,11,Nej,Namn
Ante,30,11,Nej,Namn
Antero,30,11,Nej,Namn
Antti,30,11,Nej,Namn
Nanne,30,11,Nej,Namn
Oskar,1,12,Ja,Namn
Ossian,1,12,Ja,Namn
Beata,2,12,Ja,Namn
Beatrice,2,12,Ja,Namn
Lidia,3,12,Nej,Namn
Lydia,3,12,Ja,Namn
Barbara,4,12,Ja,Namn
Barbro,4,12,Ja,Namn
Sven,5,12,Ja,Namn
Nicholas,6,12,Nej,Namn
Niklas,6,12,Ja,Namn
Nikolaus,6,12,Ja,Namn
Angela,7,12,Ja,Namn
Angelika,7,12,Ja,Namn
Angelina,7,12,Nej,Namn
Virginia,8,12,Ja,Namn
Anna,9,12,Ja,Namn
Malena,10,12,Ja,Namn
Malene,10,12,Nej,Namn
Malin,10,12,Ja,Namn
Dan,11,12,Nej,Namn
Dana,11,12,Nej,Namn
Daniel,11,12,Ja,Namn
Daniela,11,12,Ja,Namn
Danny,11,12,Nej,Namn
Alejandro,12,12,Nej,Namn
Alessandro,12,12,Nej,Namn
Alex,12,12,Nej,Namn
Alexander,12,12,Ja,Namn
Alexia,12,12,Nej,Namn
Alexis,12,12,Ja,Namn
Alexius,12,12,Nej,Namn
Sander,12,12,Nej,Namn
Sante,12,12,Nej,Namn
Lucia,13,12,Ja,Namn
Lucie,13,12,Nej,Namn
Sixten,14,12,Ja,Namn
Sten,14,12,Ja,Namn
Gottfrid,15,12,Ja,Namn
Gottfrida,15,12,Nej,Namn
Jeff,15,12,Nej,Namn
Assar,16,12,Ja,Namn
Asser,16,12,Nej,Namn
Stig,17,12,Ja,Namn
Abraham,18,12,Ja,Namn
Ibrahim,18,12,Nej,Namn
Isak,19,12,Ja,Namn
Israel,20,12,Ja,Namn
Moses,20,12,Ja,Namn
Tom,21,12,Nej,Namn
Tomas,21,12,Ja,Namn
Tommi,21,12,Nej,Namn
Tommie,21,12,Nej,Namn
Tommy,21,12,Nej,Namn
Tuomo,21,12,Nej,Namn
Jonatan,22,12,Ja,Namn
Natan,22,12,Nej,Namn
Natanael,22,12,Ja,Namn
Adam,23,12,Ja,Namn
Eva,24,12,Ja,Namn
Juldagen,25,12,Ja,Högtid
Esteban,26,12,Nej,Namn
Istvan,26,12,Nej,Namn
Staffan,26,12,Ja,Namn
Stefan,26,12,Ja,Namn
Stefania,26,12,Nej,Namn
Stefano,26,12,Nej,Namn
Stefanus,26,12,Nej,Namn
Steffan,26,12,Nej,Namn
Steffen,26,12,Nej,Namn
Stephanie,26,12,Nej,Namn
Stephen,26,12,Nej,Namn
Steve,26,12,Nej,Namn
Tapani,26,12,Nej,Namn
Giovanni,27,12,Nej,Namn
Hannes,27,12,Nej,Namn
Hannu,27,12,Nej,Namn
Ioannis,27,12,Nej,Namn
Janos,27,12,Nej,Namn
Jean,27,12,Nej,Namn
Joen,27,12,Nej,Namn
Johan,27,12,Ja,Namn
Johannes,27,12,Ja,Namn
Johnnie,27,12,Nej,Namn
Johnny,27,12,Nej,Namn
Jonne,27,12,Nej,Namn
Jöns,27,12,Nej,Namn
Juan,27,12,Nej,Namn
Juha,27,12,Nej,Namn
Juhani,27,12,Nej,Namn
Juho,27,12,Nej,Namn
Jukka,27,12,Nej,Namn
Jussi,27,12,Nej,Namn
Ben,28,12,Nej,Namn
Benjamin,28,12,Ja,Namn
Benni,28,12,Nej,Namn
Bennie,28,12,Nej,Namn
Benny,28,12,Nej,Namn
Värnlösa barns dag,28,12,Ja,Högtid
Natali,29,12,Nej,Namn
Natalia,29,12,Ja,Namn
Natalie,29,12,Ja,Namn
Natasha,29,12,Nej,Namn
Abel,30,12,Ja,Namn
Set,30,12,Ja,Namn
Sylve,31,12,Nej,Namn
Sylvester,31,12,Ja,Namn
